policy,bearing_id,event,event_t,cycle_length,total_cost,trigger_state,trigger_score
CBR0,701,PM,26,26,10.0,O_2,0.5714285714285714
CBR0,702,PM,9,9,10.0,O_2,0.5714285714285714
CBR0,703,PM,38,38,10.0,O_2,0.5714285714285714
CBR0,704,PM,3,3,10.0,O_2,0.5714285714285714
CBR0,705,PM,7,7,10.0,O_2,0.5714285714285714
CBR0,706,PM,2,2,10.0,O_2,0.5714285714285714
CBR0,707,PM,9,9,10.0,O_2,0.5714285714285714
CBR0,708,PM,5,5,10.0,I_2,0.9375
CBR0,709,PM,21,21,10.0,I_2,0.9375
CBR0,710,PM,13,13,10.0,I_2,0.9375
CBR0,711,PM,13,13,10.0,O_2,0.5714285714285714
CBR0,712,PM,2,2,10.0,B_2,1.0
CBR0,713,PM,6,6,10.0,I_2,0.9375
CBR0,714,PM,33,33,10.0,O_2,0.5714285714285714
CBR0,715,PM,20,20,10.0,O_2,0.5714285714285714
CBR0,716,PM,12,12,10.0,I_2,0.9375
CBR0,717,PM,11,11,10.0,I_2,0.9375
CBR0,718,PM,9,9,10.0,O_2,0.5714285714285714
CBR0,719,PM,3,3,10.0,O_2,0.5714285714285714
CBR0,720,PM,6,6,10.0,O_2,0.5714285714285714
CBR0,721,PM,22,22,10.0,O_2,0.5714285714285714
CBR0,722,PM,10,10,10.0,O_2,0.5714285714285714
CBR0,723,PM,4,4,10.0,I_2,0.9375
CBR0,724,PM,4,4,10.0,B_2,1.0
CBR0,725,PM,10,10,10.0,I_2,0.9375
CBR0,726,PM,24,24,10.0,I_2,0.9375
CBR0,727,PM,25,25,10.0,B_2,1.0
CBR0,728,PM,6,6,10.0,O_2,0.5714285714285714
CBR0,729,PM,16,16,10.0,O_2,0.5714285714285714
CBR0,730,PM,5,5,10.0,O_2,0.5714285714285714
CBR0,731,PM,31,31,10.0,I_2,0.9375
CBR0,732,PM,6,6,10.0,O_2,0.5714285714285714
CBR0,733,PM,1,1,10.0,O_2,0.5714285714285714
CBR0,734,PM,9,9,10.0,O_2,0.5714285714285714
CBR0,735,PM,9,9,10.0,O_2,0.5714285714285714
CBR0,736,PM,2,2,10.0,O_2,0.5714285714285714
CBR0,737,PM,9,9,10.0,O_2,0.5714285714285714
CBR0,738,PM,4,4,10.0,O_2,0.5714285714285714
CBR0,739,PM,4,4,10.0,O_2,0.5714285714285714
CBR0,740,PM,6,6,10.0,O_2,0.5714285714285714
CBR0,741,PM,6,6,10.0,I_2,0.9375
CBR0,742,PM,30,30,10.0,O_2,0.5714285714285714
CBR0,743,PM,16,16,10.0,O_2,0.5714285714285714
CBR0,744,PM,6,6,10.0,B_2,1.0
CBR0,745,PM,15,15,10.0,I_2,0.9375
CBR0,746,PM,10,10,10.0,I_2,0.9375
CBR0,747,PM,7,7,10.0,I_2,0.9375
CBR0,748,PM,21,21,10.0,I_2,0.9375
CBR0,749,PM,7,7,10.0,B_2,1.0
CBR0,750,PM,10,10,10.0,I_2,0.9375
CBR0,751,PM,4,4,10.0,O_2,0.5714285714285714
CBR0,752,PM,10,10,10.0,O_2,0.5714285714285714
CBR0,753,PM,21,21,10.0,O_2,0.5714285714285714
CBR0,754,PM,6,6,10.0,O_2,0.5714285714285714
CBR0,755,PM,17,17,10.0,I_2,0.9375
CBR0,756,PM,15,15,10.0,O_2,0.5714285714285714
CBR0,757,PM,21,21,10.0,I_2,0.9375
CBR0,758,PM,7,7,10.0,O_2,0.5714285714285714
CBR0,759,PM,5,5,10.0,O_2,0.5714285714285714
CBR0,760,PM,2,2,10.0,B_2,1.0
CBR0,761,PM,14,14,10.0,O_2,0.5714285714285714
CBR0,762,PM,5,5,10.0,O_2,0.5714285714285714
CBR0,763,PM,6,6,10.0,O_2,0.5714285714285714
CBR0,764,PM,8,8,10.0,O_2,0.5714285714285714
CBR0,765,PM,13,13,10.0,O_2,0.5714285714285714
CBR0,766,PM,6,6,10.0,O_2,0.5714285714285714
CBR0,767,PM,13,13,10.0,O_2,0.5714285714285714
CBR0,768,PM,28,28,10.0,O_2,0.5714285714285714
CBR0,769,PM,5,5,10.0,O_2,0.5714285714285714
CBR0,770,PM,12,12,10.0,O_2,0.5714285714285714
CBR0,771,PM,16,16,10.0,I_2,0.9375
CBR0,772,PM,12,12,10.0,O_2,0.5714285714285714
CBR0,773,PM,11,11,10.0,O_2,0.5714285714285714
CBR0,774,PM,14,14,10.0,I_2,0.9375
CBR0,775,PM,37,37,10.0,B_2,1.0
CBR0,776,PM,9,9,10.0,O_2,0.5714285714285714
CBR0,777,PM,25,25,10.0,O_2,0.5714285714285714
CBR0,778,PM,20,20,10.0,O_2,0.5714285714285714
CBR0,779,PM,8,8,10.0,O_2,0.5714285714285714
CBR0,780,PM,8,8,10.0,I_2,0.9375
CBR0,781,PM,10,10,10.0,O_2,0.5714285714285714
CBR0,782,PM,15,15,10.0,I_2,0.9375
CBR0,783,PM,9,9,10.0,I_2,0.9375
CBR0,784,PM,26,26,10.0,B_2,1.0
CBR0,785,PM,15,15,10.0,O_2,0.5714285714285714
CBR0,786,PM,5,5,10.0,I_2,0.9375
CBR0,787,PM,12,12,10.0,I_2,0.9375
CBR0,788,PM,19,19,10.0,O_2,0.5714285714285714
CBR0,789,PM,2,2,10.0,O_2,0.5714285714285714
CBR0,790,PM,29,29,10.0,I_2,0.9375
CBR0,791,PM,5,5,10.0,O_2,0.5714285714285714
CBR0,792,PM,28,28,10.0,I_2,0.9375
CBR0,793,PM,13,13,10.0,O_2,0.5714285714285714
CBR0,794,PM,17,17,10.0,O_2,0.5714285714285714
CBR0,795,PM,10,10,10.0,O_2,0.5714285714285714
CBR0,796,PM,14,14,10.0,O_2,0.5714285714285714
CBR0,797,PM,1,1,10.0,O_2,0.5714285714285714
CBR0,798,PM,20,20,10.0,O_2,0.5714285714285714
CBR0,799,PM,37,37,10.0,O_2,0.5714285714285714
CBR0,800,PM,8,8,10.0,I_2,0.9375
CBR0,801,PM,31,31,10.0,O_2,0.5714285714285714
CBR0,802,PM,7,7,10.0,O_2,0.5714285714285714
CBR0,803,PM,10,10,10.0,B_2,1.0
CBR0,804,PM,13,13,10.0,O_2,0.5714285714285714
CBR0,805,PM,9,9,10.0,O_2,0.5714285714285714
CBR0,806,PM,2,2,10.0,B_2,1.0
CBR0,807,PM,21,21,10.0,I_2,0.9375
CBR0,808,PM,14,14,10.0,I_2,0.9375
CBR0,809,PM,33,33,10.0,B_2,1.0
CBR0,810,PM,13,13,10.0,O_2,0.5714285714285714
CBR0,811,PM,14,14,10.0,I_2,0.9375
CBR0,812,PM,10,10,10.0,O_2,0.5714285714285714
CBR0,813,PM,7,7,10.0,I_2,0.9375
CBR0,814,PM,14,14,10.0,O_2,0.5714285714285714
CBR0,815,PM,2,2,10.0,O_2,0.5714285714285714
CBR0,816,PM,14,14,10.0,B_2,1.0
CBR0,817,PM,8,8,10.0,O_2,0.5714285714285714
CBR0,818,PM,12,12,10.0,O_2,0.5714285714285714
CBR0,819,PM,13,13,10.0,I_2,0.9375
CBR0,820,PM,21,21,10.0,B_2,1.0
CBR0,821,PM,19,19,10.0,O_2,0.5714285714285714
CBR0,822,PM,1,1,10.0,O_2,0.5714285714285714
CBR0,823,PM,10,10,10.0,I_2,0.9375
CBR0,824,PM,5,5,10.0,I_2,0.9375
CBR0,825,PM,22,22,10.0,O_2,0.5714285714285714
CBR0,826,PM,12,12,10.0,O_2,0.5714285714285714
CBR0,827,PM,10,10,10.0,I_2,0.9375
CBR0,828,PM,19,19,10.0,O_2,0.5714285714285714
CBR0,829,PM,13,13,10.0,O_2,0.5714285714285714
CBR0,830,PM,6,6,10.0,B_2,1.0
CBR0,831,PM,22,22,10.0,O_2,0.5714285714285714
CBR0,832,PM,11,11,10.0,B_2,1.0
CBR0,833,PM,3,3,10.0,B_2,1.0
CBR0,834,PM,18,18,10.0,I_2,0.9375
CBR0,835,PM,21,21,10.0,I_2,0.9375
CBR0,836,PM,10,10,10.0,B_2,1.0
CBR0,837,PM,5,5,10.0,B_2,1.0
CBR0,838,PM,14,14,10.0,O_2,0.5714285714285714
CBR0,839,PM,5,5,10.0,O_2,0.5714285714285714
CBR0,840,PM,9,9,10.0,O_2,0.5714285714285714
CBR0,841,PM,8,8,10.0,I_2,0.9375
CBR0,842,PM,11,11,10.0,B_2,1.0
CBR0,843,PM,19,19,10.0,I_2,0.9375
CBR0,844,PM,17,17,10.0,O_2,0.5714285714285714
CBR0,845,PM,4,4,10.0,I_2,0.9375
CBR0,846,PM,13,13,10.0,O_2,0.5714285714285714
CBR0,847,PM,10,10,10.0,I_2,0.9375
CBR0,848,PM,12,12,10.0,B_2,1.0
CBR0,849,PM,7,7,10.0,B_2,1.0
CBR0,850,PM,21,21,10.0,B_2,1.0
CBR0,851,PM,17,17,10.0,I_2,0.9375
CBR0,852,PM,19,19,10.0,I_2,0.9375
CBR0,853,PM,22,22,10.0,O_2,0.5714285714285714
CBR0,854,PM,8,8,10.0,I_2,0.9375
CBR0,855,PM,4,4,10.0,O_2,0.5714285714285714
CBR0,856,PM,9,9,10.0,O_2,0.5714285714285714
CBR0,857,PM,13,13,10.0,B_2,1.0
CBR0,858,PM,7,7,10.0,B_2,1.0
CBR0,859,PM,23,23,10.0,I_2,0.9375
CBR0,860,PM,7,7,10.0,I_2,0.9375
CBR0,861,PM,2,2,10.0,O_2,0.5714285714285714
CBR0,862,PM,18,18,10.0,O_2,0.5714285714285714
CBR0,863,PM,11,11,10.0,O_2,0.5714285714285714
CBR0,864,PM,9,9,10.0,O_2,0.5714285714285714
CBR0,865,PM,11,11,10.0,O_2,0.5714285714285714
CBR0,866,PM,14,14,10.0,O_2,0.5714285714285714
CBR0,867,PM,25,25,10.0,I_2,0.9375
CBR0,868,PM,7,7,10.0,B_2,1.0
CBR0,869,PM,13,13,10.0,O_2,0.5714285714285714
CBR0,870,PM,6,6,10.0,O_2,0.5714285714285714
CBR0,871,PM,11,11,10.0,O_2,0.5714285714285714
CBR0,872,PM,5,5,10.0,O_2,0.5714285714285714
CBR0,873,PM,24,24,10.0,B_2,1.0
CBR0,874,PM,18,18,10.0,I_2,0.9375
CBR0,875,PM,28,28,10.0,I_2,0.9375
CBR0,876,PM,12,12,10.0,I_2,0.9375
CBR0,877,PM,27,27,10.0,O_2,0.5714285714285714
CBR0,878,PM,29,29,10.0,B_2,1.0
CBR0,879,PM,18,18,10.0,I_2,0.9375
CBR0,880,PM,7,7,10.0,O_2,0.5714285714285714
CBR0,881,PM,6,6,10.0,B_2,1.0
CBR0,882,PM,14,14,10.0,B_2,1.0
CBR0,883,PM,19,19,10.0,I_2,0.9375
CBR0,884,PM,6,6,10.0,O_2,0.5714285714285714
CBR0,885,PM,11,11,10.0,O_2,0.5714285714285714
CBR0,886,PM,23,23,10.0,O_2,0.5714285714285714
CBR0,887,PM,5,5,10.0,I_2,0.9375
CBR0,888,PM,20,20,10.0,O_2,0.5714285714285714
CBR0,889,PM,16,16,10.0,B_2,1.0
CBR0,890,PM,8,8,10.0,I_2,0.9375
CBR0,891,PM,13,13,10.0,O_2,0.5714285714285714
CBR0,892,PM,3,3,10.0,B_2,1.0
CBR0,893,PM,4,4,10.0,O_2,0.5714285714285714
CBR0,894,PM,6,6,10.0,O_2,0.5714285714285714
CBR0,895,PM,5,5,10.0,I_2,0.9375
CBR0,896,PM,21,21,10.0,O_2,0.5714285714285714
CBR0,897,PM,14,14,10.0,O_2,0.5714285714285714
CBR0,898,PM,2,2,10.0,O_2,0.5714285714285714
CBR0,899,PM,12,12,10.0,O_2,0.5714285714285714
CBR0,900,PM,20,20,10.0,O_2,0.5714285714285714
CBR0,901,PM,22,22,10.0,B_2,1.0
CBR0,902,PM,1,1,10.0,O_2,0.5714285714285714
CBR0,903,PM,8,8,10.0,I_2,0.9375
CBR0,904,PM,22,22,10.0,O_2,0.5714285714285714
CBR0,905,PM,20,20,10.0,I_2,0.9375
CBR0,906,PM,17,17,10.0,I_2,0.9375
CBR0,907,PM,3,3,10.0,I_2,0.9375
CBR0,908,PM,25,25,10.0,B_2,1.0
CBR0,909,PM,4,4,10.0,I_2,0.9375
CBR0,910,PM,5,5,10.0,O_2,0.5714285714285714
CBR0,911,PM,15,15,10.0,I_2,0.9375
CBR0,912,PM,12,12,10.0,B_2,1.0
CBR0,913,PM,22,22,10.0,I_2,0.9375
CBR0,914,PM,5,5,10.0,B_2,1.0
CBR0,915,PM,29,29,10.0,I_2,0.9375
CBR0,916,PM,35,35,10.0,O_2,0.5714285714285714
CBR0,917,PM,10,10,10.0,O_2,0.5714285714285714
CBR0,918,PM,46,46,10.0,O_2,0.5714285714285714
CBR0,919,PM,10,10,10.0,O_2,0.5714285714285714
CBR0,920,PM,9,9,10.0,I_2,0.9375
CBR0,921,PM,10,10,10.0,O_2,0.5714285714285714
CBR0,922,PM,22,22,10.0,O_2,0.5714285714285714
CBR0,923,PM,42,42,10.0,O_2,0.5714285714285714
CBR0,924,PM,9,9,10.0,O_2,0.5714285714285714
CBR0,925,PM,2,2,10.0,O_2,0.5714285714285714
CBR0,926,PM,11,11,10.0,I_2,0.9375
CBR0,927,PM,17,17,10.0,O_2,0.5714285714285714
CBR0,928,PM,6,6,10.0,O_2,0.5714285714285714
CBR0,929,PM,11,11,10.0,O_2,0.5714285714285714
CBR0,930,PM,16,16,10.0,O_2,0.5714285714285714
CBR0,931,PM,23,23,10.0,I_2,0.9375
CBR0,932,PM,21,21,10.0,I_2,0.9375
CBR0,933,PM,12,12,10.0,B_2,1.0
CBR0,934,PM,22,22,10.0,B_2,1.0
CBR0,935,PM,16,16,10.0,B_2,1.0
CBR0,936,PM,6,6,10.0,B_2,1.0
CBR0,937,PM,12,12,10.0,B_2,1.0
CBR0,938,PM,15,15,10.0,I_2,0.9375
CBR0,939,PM,16,16,10.0,O_2,0.5714285714285714
CBR0,940,PM,30,30,10.0,O_2,0.5714285714285714
CBR0,941,PM,12,12,10.0,B_2,1.0
CBR0,942,PM,8,8,10.0,I_2,0.9375
CBR0,943,PM,3,3,10.0,O_2,0.5714285714285714
CBR0,944,PM,14,14,10.0,O_2,0.5714285714285714
CBR0,945,PM,9,9,10.0,O_2,0.5714285714285714
CBR0,946,PM,7,7,10.0,O_2,0.5714285714285714
CBR0,947,PM,6,6,10.0,O_2,0.5714285714285714
CBR0,948,PM,4,4,10.0,I_2,0.9375
CBR0,949,PM,11,11,10.0,O_2,0.5714285714285714
CBR0,950,PM,3,3,10.0,B_2,1.0
CBR0,951,PM,4,4,10.0,O_2,0.5714285714285714
CBR0,952,PM,44,44,10.0,O_2,0.5714285714285714
CBR0,953,PM,3,3,10.0,I_2,0.9375
CBR0,954,PM,47,47,10.0,I_2,0.9375
CBR0,955,PM,12,12,10.0,O_2,0.5714285714285714
CBR0,956,PM,3,3,10.0,O_2,0.5714285714285714
CBR0,957,PM,9,9,10.0,B_2,1.0
CBR0,958,PM,23,23,10.0,I_2,0.9375
CBR0,959,PM,16,16,10.0,I_2,0.9375
CBR0,960,PM,14,14,10.0,O_2,0.5714285714285714
CBR0,961,PM,9,9,10.0,O_2,0.5714285714285714
CBR0,962,PM,23,23,10.0,O_2,0.5714285714285714
CBR0,963,PM,13,13,10.0,B_2,1.0
CBR0,964,PM,4,4,10.0,O_2,0.5714285714285714
CBR0,965,PM,29,29,10.0,I_2,0.9375
CBR0,966,PM,4,4,10.0,O_2,0.5714285714285714
CBR0,967,PM,8,8,10.0,I_2,0.9375
CBR0,968,PM,11,11,10.0,B_2,1.0
CBR0,969,PM,14,14,10.0,O_2,0.5714285714285714
CBR0,970,PM,24,24,10.0,I_2,0.9375
CBR0,971,PM,28,28,10.0,O_2,0.5714285714285714
CBR0,972,PM,7,7,10.0,B_2,1.0
CBR0,973,PM,4,4,10.0,O_2,0.5714285714285714
CBR0,974,PM,15,15,10.0,B_2,1.0
CBR0,975,PM,26,26,10.0,O_2,0.5714285714285714
CBR0,976,PM,4,4,10.0,O_2,0.5714285714285714
CBR0,977,PM,5,5,10.0,O_2,0.5714285714285714
CBR0,978,PM,28,28,10.0,B_2,1.0
CBR0,979,PM,14,14,10.0,O_2,0.5714285714285714
CBR0,980,PM,43,43,10.0,O_2,0.5714285714285714
CBR0,981,PM,15,15,10.0,O_2,0.5714285714285714
CBR0,982,PM,23,23,10.0,O_2,0.5714285714285714
CBR0,983,PM,14,14,10.0,B_2,1.0
CBR0,984,PM,36,36,10.0,I_2,0.9375
CBR0,985,PM,6,6,10.0,I_2,0.9375
CBR0,986,PM,8,8,10.0,O_2,0.5714285714285714
CBR0,987,PM,24,24,10.0,O_2,0.5714285714285714
CBR0,988,PM,12,12,10.0,O_2,0.5714285714285714
CBR0,989,PM,31,31,10.0,B_2,1.0
CBR0,990,PM,13,13,10.0,I_2,0.9375
CBR0,991,PM,38,38,10.0,O_2,0.5714285714285714
CBR0,992,PM,4,4,10.0,I_2,0.9375
CBR0,993,PM,10,10,10.0,O_2,0.5714285714285714
CBR0,994,PM,16,16,10.0,I_2,0.9375
CBR0,995,PM,3,3,10.0,O_2,0.5714285714285714
CBR0,996,PM,39,39,10.0,O_2,0.5714285714285714
CBR0,997,PM,20,20,10.0,B_2,1.0
CBR0,998,PM,29,29,10.0,I_2,0.9375
CBR0,999,PM,29,29,10.0,O_2,0.5714285714285714
CBR0,1000,PM,3,3,10.0,I_2,0.9375
CBR1,701,PM,31,31,10.0,O_2,0.40590033889745536
CBR1,702,PM,10,10,10.0,O_2,0.4534583216941139
CBR1,703,PM,40,40,10.0,O_2,0.5036977659149683
CBR1,704,PM,10,10,10.0,O_2,0.5687398097356395
CBR1,705,PM,8,8,10.0,O_2,0.437911767134071
CBR1,706,PM,6,6,10.0,O_2,0.4720229731609179
CBR1,707,PM,10,10,10.0,O_2,0.4534583216941139
CBR1,708,PM,5,5,10.0,I_2,0.9824878419431085
CBR1,709,PM,21,21,10.0,I_2,0.9824878419431085
CBR1,710,PM,13,13,10.0,I_2,0.9824878419431087
CBR1,711,PM,14,14,10.0,O_2,0.4646888530072591
CBR1,712,PM,2,2,10.0,B_2,0.9999999999783615
CBR1,713,PM,6,6,10.0,I_2,0.9824878419431087
CBR1,714,PM,37,37,10.0,O_2,0.5544470576532199
CBR1,715,PM,24,24,10.0,O_2,0.5543446863686556
CBR1,716,PM,12,12,10.0,I_2,0.9824878419431087
CBR1,717,PM,11,11,10.0,I_2,0.9824878389751466
CBR1,718,PM,10,10,10.0,O_2,0.4534583216941139
CBR1,719,PM,5,5,10.0,O_2,0.40771270387324915
CBR1,720,PM,12,12,10.0,O_2,0.40702512766277926
CBR1,721,PM,25,25,10.0,O_2,0.5317963657574083
CBR1,722,PM,15,15,10.0,O_2,0.5688106882283086
CBR1,723,PM,4,4,10.0,I_2,0.9824878389751751
CBR1,724,PM,3,3,10.0,B_2,0.9621940813492199
CBR1,725,PM,10,10,10.0,I_2,0.9824878419431087
CBR1,726,PM,24,24,10.0,I_2,0.9824878419431087
CBR1,727,PM,22,22,10.0,B_2,0.9621940813470351
CBR1,728,PM,7,7,10.0,O_2,0.4248477475378476
CBR1,729,PM,18,18,10.0,O_2,0.5029185124316012
CBR1,730,PM,11,11,10.0,O_2,0.4013694002247315
CBR1,731,PM,31,31,10.0,I_2,0.9824878419431085
CBR1,732,PM,12,12,10.0,O_2,0.40702512766277926
CBR1,733,PM,9,9,10.0,O_2,0.560947834123261
CBR1,734,PM,11,11,10.0,O_2,0.4925198793307473
CBR1,735,PM,14,14,10.0,O_2,0.4001527824918336
CBR1,736,CM,4,4,50.0,,
CBR1,737,PM,11,11,10.0,O_2,0.4925198793307473
CBR1,738,CM,6,6,50.0,,
CBR1,739,PM,7,7,10.0,O_2,0.4147646405211885
CBR1,740,PM,7,7,10.0,O_2,0.4248477475378476
CBR1,741,PM,6,6,10.0,I_2,0.9824878419431085
CBR1,742,PM,31,31,10.0,O_2,0.46789357688215194
CBR1,743,PM,19,19,10.0,O_2,0.5312336097107433
CBR1,744,PM,6,6,10.0,B_2,0.9999999999783395
CBR1,745,PM,15,15,10.0,I_2,0.9824878419431085
CBR1,746,PM,10,10,10.0,I_2,0.9824878419431087
CBR1,747,PM,8,8,10.0,I_2,0.9824877875406163
CBR1,748,PM,21,21,10.0,I_2,0.9824878419431087
CBR1,749,PM,6,6,10.0,B_2,0.9621940813477684
CBR1,750,PM,10,10,10.0,I_2,0.9824878419431087
CBR1,751,PM,11,11,10.0,O_2,0.4106681748027036
CBR1,752,PM,15,15,10.0,O_2,0.4019136398849249
CBR1,753,PM,23,23,10.0,O_2,0.5035908265239583
CBR1,754,PM,8,8,10.0,O_2,0.4706646134498995
CBR1,755,PM,17,17,10.0,I_2,0.9824878419431087
CBR1,756,PM,16,16,10.0,O_2,0.46641556771660375
CBR1,757,PM,21,21,10.0,I_2,0.9824878419431087
CBR1,758,PM,13,13,10.0,O_2,0.5781596751611493
CBR1,759,PM,8,8,10.0,O_2,0.4949243255259803
CBR1,760,PM,2,2,10.0,B_2,0.9999999999783615
CBR1,761,PM,19,19,10.0,O_2,0.40502470776950045
CBR1,762,PM,11,11,10.0,O_2,0.4013694002247315
CBR1,763,PM,8,8,10.0,O_2,0.4706646134498995
CBR1,764,PM,14,14,10.0,O_2,0.41408012244813486
CBR1,765,PM,18,18,10.0,O_2,0.4046118784282025
CBR1,766,PM,8,8,10.0,O_2,0.4706646134498995
CBR1,767,PM,14,14,10.0,O_2,0.4646888530072591
CBR1,768,PM,31,31,10.0,O_2,0.5318483217245116
CBR1,769,PM,7,7,10.0,O_2,0.4565753136013023
CBR1,770,PM,13,13,10.0,O_2,0.4631987536533524
CBR1,771,PM,16,16,10.0,I_2,0.9824878389751447
CBR1,772,PM,17,17,10.0,O_2,0.4040133775710676
CBR1,773,PM,14,14,10.0,O_2,0.5276288480790305
CBR1,774,PM,14,14,10.0,I_2,0.9824878419431087
CBR1,775,PM,35,35,10.0,B_2,0.9621940813470339
CBR1,776,PM,13,13,10.0,O_2,0.5472946454976063
CBR1,777,PM,27,27,10.0,O_2,0.5036765792969315
CBR1,778,PM,25,25,10.0,O_2,0.40582443625439185
CBR1,779,PM,10,10,10.0,O_2,0.48759648294803826
CBR1,780,PM,8,8,10.0,I_2,0.9824878389751514
CBR1,781,PM,15,15,10.0,O_2,0.4019136398849249
CBR1,782,PM,15,15,10.0,I_2,0.9824878419431085
CBR1,783,PM,9,9,10.0,I_2,0.9824878419431087
CBR1,784,PM,18,18,10.0,B_2,0.9621940813470404
CBR1,785,PM,20,20,10.0,O_2,0.4053080796193231
CBR1,786,PM,5,5,10.0,I_2,0.9824878419431085
CBR1,787,PM,12,12,10.0,I_2,0.9824878419431087
CBR1,788,PM,24,24,10.0,O_2,0.4057835962425155
CBR1,789,PM,9,9,10.0,O_2,0.5565171150828657
CBR1,790,PM,29,29,10.0,I_2,0.9824878419431087
CBR1,791,PM,9,9,10.0,O_2,0.52489442816921
CBR1,792,PM,28,28,10.0,I_2,0.9824878419431087
CBR1,793,PM,18,18,10.0,O_2,0.4046118784282025
CBR1,794,PM,22,22,10.0,O_2,0.4056336029442951
CBR1,795,PM,11,11,10.0,O_2,0.4579288851173406
CBR1,796,PM,19,19,10.0,O_2,0.40502470776950045
CBR1,797,PM,6,6,10.0,O_2,0.48076812547164544
CBR1,798,PM,25,25,10.0,O_2,0.40582443625439185
CBR1,799,PM,38,38,10.0,O_2,0.46789694347640887
CBR1,800,PM,8,8,10.0,I_2,0.9824878419431087
CBR1,801,PM,33,33,10.0,O_2,0.5036960267889732
CBR1,802,PM,8,8,10.0,O_2,0.437911767134071
CBR1,803,PM,6,6,10.0,B_2,0.9621940813477684
CBR1,804,PM,14,14,10.0,O_2,0.4646888530072591
CBR1,805,PM,11,11,10.0,O_2,0.4925198793307473
CBR1,806,PM,2,2,10.0,B_2,0.9999999999783615
CBR1,807,PM,21,21,10.0,I_2,0.9824878419431087
CBR1,808,PM,14,14,10.0,I_2,0.9824878419431087
CBR1,809,PM,33,33,10.0,B_2,0.9999999999783327
CBR1,810,PM,18,18,10.0,O_2,0.4046118784282025
CBR1,811,PM,14,14,10.0,I_2,0.9824878419431087
CBR1,812,PM,13,13,10.0,O_2,0.5257220018613832
CBR1,813,PM,7,7,10.0,I_2,0.9824878389751546
CBR1,814,PM,19,19,10.0,O_2,0.40502470776950045
CBR1,815,PM,10,10,10.0,O_2,0.5745731530063088
CBR1,816,PM,14,14,10.0,B_2,0.9999999999783329
CBR1,817,PM,9,9,10.0,O_2,0.4470572682615544
CBR1,818,PM,17,17,10.0,O_2,0.4040133775710676
CBR1,819,PM,13,13,10.0,I_2,0.9824878419431087
CBR1,820,PM,18,18,10.0,B_2,0.9621940813470404
CBR1,821,PM,20,20,10.0,O_2,0.46759086559645485
CBR1,822,PM,7,7,10.0,O_2,0.51374532714137
CBR1,823,PM,10,10,10.0,I_2,0.9824878419431087
CBR1,824,PM,5,5,10.0,I_2,0.9824878419431087
CBR1,825,PM,24,24,10.0,O_2,0.5036262622045958
CBR1,826,PM,14,14,10.0,O_2,0.5000494999308543
CBR1,827,PM,10,10,10.0,I_2,0.9824878419431087
CBR1,828,PM,21,21,10.0,O_2,0.5034597128813285
CBR1,829,PM,14,14,10.0,O_2,0.4646888530072591
CBR1,830,PM,6,6,10.0,B_2,0.9999999999783395
CBR1,831,PM,24,24,10.0,O_2,0.5036262622045958
CBR1,832,PM,11,11,10.0,B_2,0.9999999999783338
CBR1,833,PM,3,3,10.0,B_2,0.9999999999783531
CBR1,834,PM,18,18,10.0,I_2,0.9824878419431087
CBR1,835,PM,21,21,10.0,I_2,0.9824878419431087
CBR1,836,PM,8,8,10.0,B_2,0.9621940813473776
CBR1,837,PM,3,3,10.0,B_2,0.9621940813492199
CBR1,838,PM,16,16,10.0,O_2,0.5020009900191581
CBR1,839,PM,10,10,10.0,O_2,0.5488252648386549
CBR1,840,PM,11,11,10.0,O_2,0.4925198793307473
CBR1,841,PM,8,8,10.0,I_2,0.9824878419431085
CBR1,842,PM,3,3,10.0,B_2,0.9621940813492199
CBR1,843,PM,19,19,10.0,I_2,0.9824878419431085
CBR1,844,PM,21,21,10.0,O_2,0.554108887967923
CBR1,845,PM,4,4,10.0,I_2,0.9824878419431087
CBR1,846,PM,14,14,10.0,O_2,0.4646888530072591
CBR1,847,PM,10,10,10.0,I_2,0.9824878419431087
CBR1,848,PM,12,12,10.0,B_2,0.9999999999783333
CBR1,849,PM,7,7,10.0,B_2,0.9999999999783373
CBR1,850,PM,21,21,10.0,B_2,0.9999999999783327
CBR1,851,PM,17,17,10.0,I_2,0.9824878419431087
CBR1,852,PM,19,19,10.0,I_2,0.9824878419431085
CBR1,853,PM,23,23,10.0,O_2,0.4678050610398735
CBR1,854,PM,8,8,10.0,I_2,0.9824878419431087
CBR1,855,PM,6,6,10.0,O_2,0.43651791535426554
CBR1,856,PM,13,13,10.0,O_2,0.5472946454976063
CBR1,857,PM,12,12,10.0,B_2,0.9621940813471058
CBR1,858,PM,4,4,10.0,B_2,0.9621940813485662
CBR1,859,PM,23,23,10.0,I_2,0.9824878419431087
CBR1,860,PM,7,7,10.0,I_2,0.9824878389751546
CBR1,861,PM,9,9,10.0,O_2,0.5565171150828657
CBR1,862,PM,23,23,10.0,O_2,0.4057230702460022
CBR1,863,PM,14,14,10.0,O_2,0.5276288480790305
CBR1,864,PM,14,14,10.0,O_2,0.5670119436436067
CBR1,865,PM,16,16,10.0,O_2,0.4031504187407634
CBR1,866,PM,19,19,10.0,O_2,0.40502470776950045
CBR1,867,PM,25,25,10.0,I_2,0.9824878419431087
CBR1,868,PM,4,4,10.0,B_2,0.9621940813485662
CBR1,869,PM,18,18,10.0,O_2,0.5715584830502621
CBR1,870,PM,7,7,10.0,O_2,0.4248477475378476
CBR1,871,PM,13,13,10.0,O_2,0.49837746815425005
CBR1,872,PM,9,9,10.0,O_2,0.52489442816921
CBR1,873,PM,23,23,10.0,B_2,0.9621940813470347
CBR1,874,PM,18,18,10.0,I_2,0.9824878419431087
CBR1,875,PM,28,28,10.0,I_2,0.9824878419431087
CBR1,876,PM,12,12,10.0,I_2,0.9824878419431087
CBR1,877,PM,29,29,10.0,O_2,0.5036884278983405
CBR1,878,PM,27,27,10.0,B_2,0.9621940813470341
CBR1,879,PM,18,18,10.0,I_2,0.9824878389751445
CBR1,880,PM,13,13,10.0,O_2,0.41112807300611787
CBR1,881,PM,3,3,10.0,B_2,0.9621940813492199
CBR1,882,PM,13,13,10.0,B_2,0.9621940813470824
CBR1,883,PM,19,19,10.0,I_2,0.9824878419431087
CBR1,884,PM,8,8,10.0,O_2,0.4706646134498995
CBR1,885,PM,16,16,10.0,O_2,0.5700714559495654
CBR1,886,PM,24,24,10.0,O_2,0.46783562113972094
CBR1,887,PM,5,5,10.0,I_2,0.9824878419431087
CBR1,888,PM,22,22,10.0,O_2,0.50353807822301
CBR1,889,PM,16,16,10.0,B_2,0.9999999999783329
CBR1,890,PM,8,8,10.0,I_2,0.9824878419431087
CBR1,891,PM,16,16,10.0,O_2,0.5298725165348728
CBR1,892,PM,3,3,10.0,B_2,0.9999999999783531
CBR1,893,PM,7,7,10.0,O_2,0.47953246639253144
CBR1,894,PM,7,7,10.0,O_2,0.4248477475378476
CBR1,895,PM,5,5,10.0,I_2,0.9824878419431085
CBR1,896,PM,23,23,10.0,O_2,0.5035908265239583
CBR1,897,PM,16,16,10.0,O_2,0.5020009900191581
CBR1,898,CM,5,5,50.0,,
CBR1,899,PM,14,14,10.0,O_2,0.5000494999308543
CBR1,900,PM,25,25,10.0,O_2,0.40582443625439185
CBR1,901,PM,15,15,10.0,B_2,0.9621940813470556
CBR1,902,PM,9,9,10.0,O_2,0.560947834123261
CBR1,903,PM,8,8,10.0,I_2,0.9824878419431087
CBR1,904,PM,25,25,10.0,O_2,0.5317963657574083
CBR1,905,PM,20,20,10.0,I_2,0.9824878419431087
CBR1,906,PM,17,17,10.0,I_2,0.9824878419431087
CBR1,907,PM,3,3,10.0,I_2,0.9824878389751882
CBR1,908,PM,18,18,10.0,B_2,0.9621940813470404
CBR1,909,PM,4,4,10.0,I_2,0.9824878419431087
CBR1,910,PM,11,11,10.0,O_2,0.5682638246518616
CBR1,911,PM,15,15,10.0,I_2,0.9824878419431087
CBR1,912,PM,11,11,10.0,B_2,0.9621940813471408
CBR1,913,PM,22,22,10.0,I_2,0.9824878419431085
CBR1,914,PM,2,2,10.0,B_2,0.9621940813343582
CBR1,915,PM,29,29,10.0,I_2,0.9824878419431085
CBR1,916,PM,39,39,10.0,O_2,0.5544473505317375
CBR1,917,PM,11,11,10.0,O_2,0.4579288851173406
CBR1,918,PM,47,47,10.0,O_2,0.46789714056232967
CBR1,919,PM,15,15,10.0,O_2,0.4019136398849249
CBR1,920,PM,9,9,10.0,I_2,0.9824878419431087
CBR1,921,PM,15,15,10.0,O_2,0.4019136398849249
CBR1,922,PM,27,27,10.0,O_2,0.4058704018997128
CBR1,923,PM,46,46,10.0,O_2,0.5544475677835423
CBR1,924,PM,10,10,10.0,O_2,0.4534583216941139
CBR1,925,PM,8,8,10.0,O_2,0.4095397714150376
CBR1,926,PM,11,11,10.0,I_2,0.9824878419431087
CBR1,927,PM,19,19,10.0,O_2,0.5031717806572327
CBR1,928,PM,12,12,10.0,O_2,0.40702512766277926
CBR1,929,PM,13,13,10.0,O_2,0.49837746815425005
CBR1,930,PM,21,21,10.0,O_2,0.405501748191758
CBR1,931,PM,23,23,10.0,I_2,0.9824878419431087
CBR1,932,PM,21,21,10.0,I_2,0.9824878419431087
CBR1,933,PM,11,11,10.0,B_2,0.9621940813471408
CBR1,934,PM,22,22,10.0,B_2,0.9999999999783327
CBR1,935,PM,15,15,10.0,B_2,0.9621940813470556
CBR1,936,PM,6,6,10.0,B_2,0.9999999999783395
CBR1,937,PM,12,12,10.0,B_2,0.9999999999783333
CBR1,938,PM,15,15,10.0,I_2,0.9824878419431087
CBR1,939,PM,21,21,10.0,O_2,0.405501748191758
CBR1,940,PM,35,35,10.0,O_2,0.5728730320330809
CBR1,941,PM,9,9,10.0,B_2,0.9621940813472676
CBR1,942,PM,8,8,10.0,I_2,0.9824878389751514
CBR1,943,PM,6,6,10.0,O_2,0.553516785691817
CBR1,944,PM,19,19,10.0,O_2,0.5719779906965221
CBR1,945,PM,13,13,10.0,O_2,0.5472946454976063
CBR1,946,PM,8,8,10.0,O_2,0.437911767134071
CBR1,947,PM,12,12,10.0,O_2,0.40702512766277926
CBR1,948,PM,4,4,10.0,I_2,0.9824878419431087
CBR1,949,PM,13,13,10.0,O_2,0.49837746815425005
CBR1,950,PM,3,3,10.0,B_2,0.9999999999783531
CBR1,951,PM,7,7,10.0,O_2,0.47953246639253144
CBR1,952,PM,45,45,10.0,O_2,0.46789713420641954
CBR1,953,PM,3,3,10.0,I_2,0.9824878419431085
CBR1,954,PM,47,47,10.0,I_2,0.9824878419431087
CBR1,955,PM,16,16,10.0,O_2,0.5521029527501142
CBR1,956,PM,10,10,10.0,O_2,0.4018180977954359
CBR1,957,PM,8,8,10.0,B_2,0.9621940813473776
CBR1,958,PM,23,23,10.0,I_2,0.9824878419431087
CBR1,959,PM,16,16,10.0,I_2,0.9824878419431087
CBR1,960,PM,19,19,10.0,O_2,0.40502470776950045
CBR1,961,PM,10,10,10.0,O_2,0.4534583216941139
CBR1,962,PM,27,27,10.0,O_2,0.5544167708138311
CBR1,963,PM,11,11,10.0,B_2,0.9621940813471408
CBR1,964,PM,6,6,10.0,O_2,0.43651791535426554
CBR1,965,PM,29,29,10.0,I_2,0.9824878389751445
CBR1,966,PM,6,6,10.0,O_2,0.5652679609868098
CBR1,967,PM,8,8,10.0,I_2,0.9824878419431087
CBR1,968,PM,10,10,10.0,B_2,0.9621940813471922
CBR1,969,PM,17,17,10.0,O_2,0.5305044306908436
CBR1,970,PM,24,24,10.0,I_2,0.9824878419431087
CBR1,971,PM,29,29,10.0,O_2,0.4678890681119019
CBR1,972,PM,5,5,10.0,B_2,0.9621940813480985
CBR1,973,PM,8,8,10.0,O_2,0.5127788713539306
CBR1,974,PM,15,15,10.0,B_2,0.9999999999783329
CBR1,975,PM,29,29,10.0,O_2,0.5318420365622748
CBR1,976,PM,6,6,10.0,O_2,0.43651791535426554
CBR1,977,PM,11,11,10.0,O_2,0.5682638246518616
CBR1,978,PM,26,26,10.0,B_2,0.9621940813470341
CBR1,979,PM,16,16,10.0,O_2,0.5020009900191581
CBR1,980,PM,48,48,10.0,O_2,0.5728744931287281
CBR1,981,PM,16,16,10.0,O_2,0.46641556771660375
CBR1,982,PM,26,26,10.0,O_2,0.5318152657399431
CBR1,983,PM,8,8,10.0,B_2,0.9621940813473776
CBR1,984,PM,36,36,10.0,I_2,0.9824878419431087
CBR1,985,PM,6,6,10.0,I_2,0.9824878419431087
CBR1,986,PM,10,10,10.0,O_2,0.48759648294803826
CBR1,987,PM,29,29,10.0,O_2,0.40589108613794117
CBR1,988,PM,17,17,10.0,O_2,0.4040133775710676
CBR1,989,PM,29,29,10.0,B_2,0.9621940813470339
CBR1,990,PM,13,13,10.0,I_2,0.9824878419431087
CBR1,991,PM,39,39,10.0,O_2,0.467897011604435
CBR1,992,PM,4,4,10.0,I_2,0.9824878419431087
CBR1,993,PM,15,15,10.0,O_2,0.4019136398849249
CBR1,994,PM,16,16,10.0,I_2,0.9824878419431087
CBR1,995,PM,7,7,10.0,O_2,0.5721105964775962
CBR1,996,PM,44,44,10.0,O_2,0.4059076980241464
CBR1,997,PM,16,16,10.0,B_2,0.9621940813470484
CBR1,998,PM,29,29,10.0,I_2,0.9824878419431087
CBR1,999,PM,30,30,10.0,O_2,0.4678917751880814
CBR1,1000,PM,3,3,10.0,I_2,0.9824878419431085
